{
  "annualized_vol_ratio": 1.1777665841890546,
  "as_of": "2025-12-20T05:02:12.965073Z",
  "capital_usd": 1000000,
  "days": 365,
  "ratio_start_end": {
    "change": 0.27616271912448115,
    "end": 0.0010564677000332217,
    "start": 0.003825526136846211
  },
  "windows": [
    {
      "annualized_vol_ratio": 1.1777665841890546,
      "il_stats": {
        "best": -3.517921426388071e-07,
        "p10": -0.01562406991326315,
        "p50": -0.0030548168553499178,
        "p90": -0.00018747373488547936,
        "worst": -0.04188675819914456
      },
      "samples": 335,
      "window_days": 30
    },
    {
      "annualized_vol_ratio": null,
      "il_stats": {
        "best": -3.1647779152876865e-07,
        "p10": -0.04071835880301755,
        "p50": -0.014076036410773485,
        "p90": -0.0002069194628601112,
        "worst": -0.118698103646394
      },
      "samples": 275,
      "window_days": 90
    },
    {
      "annualized_vol_ratio": null,
      "il_stats": {
        "best": -0.014811800936816555,
        "p10": -0.08159149737839022,
        "p50": -0.045563280938817674,
        "p90": -0.0254593489127517,
        "worst": -0.16780517037753284
      },
      "samples": 185,
      "window_days": 180
    }
  ]
}